Time,V1,V2,V3,V4,V5,V6,V7,V8,V9,V10,V11,V12,V13,V14,V15,V16,V17,V18,V19,V20,V21,V22,V23,V24,V25,V26,V27,V28,Amount,Prediction
0.0,-1.3598071336738,-0.0727811733244572,-1.35835407780761,-0.966271697226815,-0.166978329228601,1.47610537173442,1.99912162751462,0.144686909050424,-0.207971288399698,0.624501836546801,0.0660836823165194,0.717292730351534,-0.338320769967376,0.161438020259624,0.203498249664979,0.0130949682781285,0.119185485667874,-0.255425129948943,0.0619168118366417,0.251412098230588,0.160746950690422,0.247998153585026,0.373685599641421,0.503119841745569,1.01584584487951,0.289320336998334,0.463641777775465,0.17106381846085,0.0,0
